cvss_score,port,service_type,risk_label
9.8,22,1,CRITICAL
9.1,21,2,CRITICAL
8.8,80,3,HIGH
8.5,443,3,HIGH
8.2,80,3,HIGH
7.8,3306,4,HIGH
7.5,22,1,HIGH
7.2,21,2,HIGH
6.5,80,3,MEDIUM
6.1,443,3,MEDIUM
5.9,8080,3,MEDIUM
5.4,80,3,MEDIUM
5.0,3389,5,MEDIUM
4.3,80,3,MEDIUM
4.0,443,3,LOW
3.7,22,1,LOW
3.1,21,2,LOW
2.9,53,6,LOW
2.5,8080,3,LOW
1.0,443,3,LOW
9.9,3389,5,CRITICAL
9.0,445,7,CRITICAL
8.9,27017,8,HIGH
8.0,6379,8,HIGH
7.9,5432,4,HIGH
7.1,8443,3,HIGH
6.8,9200,8,MEDIUM
6.3,110,9,MEDIUM
5.5,143,9,MEDIUM
4.8,25,10,LOW
